{"x": [0, 1, 2, -0.5, 0.5, 1.5, 2.5, 0, 1, 2], "y": [0, 0, 0, 0.866025, 0.866025, 0.866025, 0.866025, 1.7320508, 1.7320508, 1.7320508]}